<?xml version="1.0" encoding="utf-8"?>
<databaseChangeLog
        xmlns="http://www.liquibase.org/xml/ns/dbchangelog"
        xmlns:xsi="http://www.w3.org/2001/XMLSchema-instance"
        xsi:schemaLocation="http://www.liquibase.org/xml/ns/dbchangelog http://www.liquibase.org/xml/ns/dbchangelog/dbchangelog-3.8.xsd">

    <changeSet id="1" author="luke" runAlways="false" runOnChange="true">
        <!-- User Table -->
        <createTable tableName="user">
            <column name="id" type="${uuidType}" defaultValue="${uuidFunction}">
                <constraints primaryKey="true" nullable="false"/>
            </column>
            <column name="username" type="varchar(255)"/>
            <column name="password" type="varchar(255)"/>
            <column name="authority" type="varchar(255)"/>
            <column name="enabled" type="tinyint"/>
            <column name="first_name" type="varchar(255)"/>
            <column name="last_name" type="varchar(255)"/>
            <column name="email" type="varchar(255)"/>
            <column name="create_date" type="timestamp" defaultValueComputed="CURRENT_TIMESTAMP"/>
            <column name="modify_date" type="timestamp" defaultValueComputed="CURRENT_TIMESTAMP"/>
            <column name="object_version" type="bigint"/>
        </createTable>

        <!-- Project Table -->
        <createTable tableName="project">
            <column name="id" type="${uuidType}" defaultValue="${uuidFunction}">
                <constraints primaryKey="true" nullable="false"/>
            </column>
            <column name="name" type="varchar(255)"/>
            <column name="description" type="varchar(255)"/>
            <column name="create_date" type="timestamp" defaultValueComputed="CURRENT_TIMESTAMP"/>
            <column name="modify_date" type="timestamp" defaultValueComputed="CURRENT_TIMESTAMP"/>
            <column name="user_id" type="${uuidType}">
                <constraints nullable="true" foreignKeyName="fk_project_user" references="user(id)"/>
            </column>
            <column name="object_version" type="bigint"/>
        </createTable>

        <!-- Workflow Definition Table -->
        <createTable tableName="workflow_definition">
            <column name="id" type="${uuidType}" defaultValue="${uuidFunction}">
                <constraints primaryKey="true" nullable="false"/>
            </column>
            <column name="name" type="varchar(255)">
                <constraints unique="true" nullable="false"/>
            </column>
            <column name="type" type="varchar(255)"/>
            <column name="author" type="varchar(255)"/>
            <column name="create_date" type="timestamp" defaultValueComputed="CURRENT_TIMESTAMP"/>
            <column name="modify_date" type="timestamp" defaultValueComputed="CURRENT_TIMESTAMP"/>
            <column name="parameters" type="varchar(4000)"/>
            <column name="processing_type" type="varchar(255)"/>
            <column name="number_of_works" type="int"/>
            <column name="commit_id" type="varchar(255)"/>
            <column name="object_version" type="bigint"/>
        </createTable>

        <!-- Workflow Task Definition Table -->
        <createTable tableName="workflow_task_definition">
            <column name="id" type="${uuidType}" defaultValue="${uuidFunction}">
                <constraints primaryKey="true" nullable="false"/>
            </column>
            <column name="name" type="varchar(255)">
                <constraints unique="true" nullable="false"/>
            </column>
            <column name="parameters" type="varchar(4000)"/>
            <column name="outputs" type="varchar(4000)"/>
            <column name="create_date" type="timestamp" defaultValueComputed="CURRENT_TIMESTAMP"/>
            <column name="modify_date" type="timestamp" defaultValueComputed="CURRENT_TIMESTAMP"/>
            <column name="workflow_definition_id" type="${uuidType}">
                <constraints nullable="false" foreignKeyName="fk_workflow_task_definition_workflow_definition"
                             references="workflow_definition(id)"/>
            </column>
            <column name="commit_id" type="varchar(255)"/>
            <column name="object_version" type="bigint"/>
        </createTable>

        <!-- Workflow Definition Chain Table -->
        <createTable tableName="workflow_work_definition">
            <column name="id" type="${uuidType}" defaultValue="${uuidFunction}">
                <constraints primaryKey="true" nullable="false"/>
            </column>
            <column name="work_definition_id" type="uuid"/>
            <column name="work_definition_type" type="varchar(255)"/>
            <column name="workflow_definition_id" type="uuid">
                <constraints nullable="true" foreignKeyName="fk_workflow_work_unit_workflow_definition"
                             references="workflow_definition(id)"/>
            </column>
            <column name="create_date" type="timestamp" defaultValueComputed="CURRENT_TIMESTAMP"/>
            <column name="object_version" type="bigint"/>
        </createTable>

        <!-- Workflow Execution Table -->
        <createTable tableName="workflow_execution">
            <column name="id" type="${uuidType}" defaultValue="${uuidFunction}">
                <constraints primaryKey="true" nullable="false"/>
            </column>
            <column name="status" type="varchar(255)"/>
            <column name="start_date" type="timestamp" defaultValueComputed="CURRENT_TIMESTAMP"/>
            <column name="end_date" type="timestamp" defaultValueComputed="CURRENT_TIMESTAMP"/>
            <column name="arguments" type="varchar(4000)"/>
            <column name="workflow_definition_id" type="${uuidType}">
                <constraints nullable="false" foreignKeyName="fk_workflow_execution_workflow_definition"
                             references="workflow_definition(id)"/>
            </column>
            <column name="master_workflow_execution_id" type="${uuidType}">
                <constraints nullable="true" foreignKeyName="fk_workflow_execution_master_workflow_execution_id"
                             references="workflow_execution(id)"/>
            </column>
            <column name="project_id" type="${uuidType}">
                <constraints nullable="false" foreignKeyName="fk_workflow_execution_project" references="project(id)"/>
            </column>
            <column name="object_version" type="bigint"/>
        </createTable>

        <!-- Workflow Task Execution Table -->
        <createTable tableName="workflow_task_execution">
            <column name="id" type="${uuidType}" defaultValue="${uuidFunction}">
                <constraints primaryKey="true" nullable="false"/>
            </column>
            <column name="workflow_execution_id" type="${uuidType}">
                <constraints nullable="false" foreignKeyName="fk_workflow_task_execution_workflow_execution"
                             references="workflow_execution(id)"/>
            </column>
            <column name="workflow_task_definition_id" type="${uuidType}">
                <constraints nullable="false" foreignKeyName="fk_workflow_task_execution_workflow_task_definition"
                             references="workflow_task_definition(id)"/>
            </column>
            <column name="arguments" type="varchar(4000)"/>
            <column name="results" type="varchar(4000)"/>
            <column name="status" type="varchar(255)"/>
            <column name="start_date" type="timestamp" defaultValueComputed="CURRENT_TIMESTAMP"/>
            <column name="end_date" type="timestamp" defaultValueComputed="CURRENT_TIMESTAMP"/>
            <column name="last_update_date" type="timestamp" defaultValueComputed="CURRENT_TIMESTAMP"/>
            <column name="object_version" type="bigint"/>
        </createTable>

        <!-- WorkFlow Context Table -->
        <createTable tableName="workflow_execution_context">
            <column name="id" type="${uuidType}" defaultValue="${uuidFunction}">
                <constraints primaryKey="true" nullable="false"/>
            </column>
            <column name="workflow_execution_id" type="${uuidType}">
                <constraints nullable="false" foreignKeyName="fk_workflow_execution_context_workflow_execution"
                             references="workflow_execution(id)"/>
            </column>
            <column name="work_context" type="longtext"/>
            <column name="object_version" type="bigint"/>
        </createTable>

        <!-- Workflow Checker Table -->
        <createTable tableName="workflow_checker_definition">
            <column name="id" type="${uuidType}" defaultValue="${uuidFunction}">
                <constraints primaryKey="true" nullable="false"/>
            </column>
            <column name="object_version" type="bigint"/>
            <column name="workflow_checker_id" type="${uuidType}">
                <constraints unique="true"
                             nullable="false"
                             foreignKeyName="fk_workflow_checker_definition_checker_workflow_definition_id"
                             references="workflow_definition(id)"/>
            </column>
            <column name="cron_expression" type="varchar(255)"/>
        </createTable>

        <!-- Workflow Checker join Table -->
        <createTable tableName="workflow_task_checker_definition_mapping">
            <column name="workflow_task_definition_id" type="${uuidType}">
                <constraints nullable="false" foreignKeyName="fk_workflow_task_checker_definition_mapping_workflow_task_definition_id"
                             referencedTableName="workflow_task_definition" referencedColumnNames="id"/>
            </column>
            <column name="workflow_checker_definition_id" type="${uuidType}">
                <constraints nullable="false" foreignKeyName="fk_workflow_task_checker_definition_mapping_workflow_checker_definition_id"
                             referencedTableName="workflow_checker_definition" referencedColumnNames="id"/>
            </column>
        </createTable>
    </changeSet>
</databaseChangeLog>
