<?xml version="1.0" encoding="utf-8"?>
<databaseChangeLog
        xmlns="http://www.liquibase.org/xml/ns/dbchangelog"
        xmlns:xsi="http://www.w3.org/2001/XMLSchema-instance"
        xsi:schemaLocation="http://www.liquibase.org/xml/ns/dbchangelog http://www.liquibase.org/xml/ns/dbchangelog/dbchangelog-3.8.xsd">

    <property name="now" value="now()" dbms="h2"/>
    <property name="now" value="current_timestamp" dbms="postgresql"/>

    <property name="floatType" value="float4" dbms="postgresql, h2"/>
    <property name="floatType" value="float" dbms="mysql, oracle, mssql, mariadb"/>
    <property name="clobType" value="longvarchar" dbms="h2"/>
    <property name="clobType" value="clob" dbms="mysql, oracle, mssql, mariadb, postgresql"/>

    <property name="uuidType" value="uuid" dbms="h2, postgresql"/>
    <property name="uuidFunction" value="gen_random_uuid()" dbms="postgresql"/>
    <property name="uuidFunction" value="random_uuid()" dbms="h2"/>

    <include file="/db/changelog/tables.xml"/>
    <include file="/db/changelog/data.xml"/>
    
</databaseChangeLog>